{
  "success_rate": 0.7327,
  "mean_final_wealth": 242768.50195226783,
  "std_final_wealth": 63060.40053946275,
  "min_final_wealth": 89804.75893699705,
  "max_final_wealth": 548305.5876685677,
  "num_simulations": 10000
}