{
  "trajectory": [
    {
      "step": 0,
      "time": 0,
      "wealth": "389881.12",
      "goal_available": false,
      "goal_probs": [
        [
          0.37768810987472534,
          0.6223118901252747
        ]
      ],
      "portfolio_probs": [
        [
          0.04438360780477524,
          0.045938532799482346,
          0.09154815226793289,
          0.06422507762908936,
          0.030671333894133568,
          0.08434439450502396,
          0.13264866173267365,
          0.10271161049604416,
          0.020356182008981705,
          0.06521999835968018,
          0.06626660376787186,
          0.0508144237101078,
          0.07323313504457474,
          0.0586455836892128,
          0.06899270415306091
        ]
      ],
      "value_estimate": 49.47769546508789,
      "action_taken": [
        1,
        6
      ],
      "reward": 0.0,
      "goal_taken": false
    },
    {
      "step": 1,
      "time": 1,
      "wealth": "437285.7",
      "goal_available": false,
      "goal_probs": [
        [
          0.37768810987472534,
          0.6223118901252747
        ]
      ],
      "portfolio_probs": [
        [
          0.04438360780477524,
          0.045938532799482346,
          0.09154815226793289,
          0.06422507762908936,
          0.030671333894133568,
          0.08434439450502396,
          0.13264866173267365,
          0.10271161049604416,
          0.020356182008981705,
          0.06521999835968018,
          0.06626660376787186,
          0.0508144237101078,
          0.07323313504457474,
          0.0586455836892128,
          0.06899270415306091
        ]
      ],
      "value_estimate": 50.02263641357422,
      "action_taken": [
        1,
        6
      ],
      "reward": 0.0,
      "goal_taken": false
    },
    {
      "step": 2,
      "time": 2,
      "wealth": "458790.62",
      "goal_available": false,
      "goal_probs": [
        [
          0.11251179873943329,
          0.8874882459640503
        ]
      ],
      "portfolio_probs": [
        [
          0.04204487428069115,
          0.04534704610705376,
          0.09766305238008499,
          0.07074172794818878,
          0.03401194512844086,
          0.08206251263618469,
          0.11856061220169067,
          0.10231588780879974,
          0.024319756776094437,
          0.058792464435100555,
          0.06034788116812706,
          0.049835048615932465,
          0.07388438284397125,
          0.06623160094022751,
          0.07384119182825089
        ]
      ],
      "value_estimate": 50.57047653198242,
      "action_taken": [
        1,
        6
      ],
      "reward": 0.0,
      "goal_taken": false
    },
    {
      "step": 3,
      "time": 3,
      "wealth": "522803.88",
      "goal_available": false,
      "goal_probs": [
        [
          0.005577015690505505,
          0.994422972202301
        ]
      ],
      "portfolio_probs": [
        [
          0.03700454533100128,
          0.0435173399746418,
          0.10877415537834167,
          0.08401040732860565,
          0.0410880520939827,
          0.07623440772294998,
          0.09354881942272186,
          0.0991876870393753,
          0.03424244746565819,
          0.04700291529297829,
          0.04897284507751465,
          0.04714815691113472,
          0.07336254417896271,
          0.08286760747432709,
          0.08303812891244888
        ]
      ],
      "value_estimate": 51.100303649902344,
      "action_taken": [
        1,
        2
      ],
      "reward": 0.0,
      "goal_taken": false
    },
    {
      "step": 4,
      "time": 4,
      "wealth": "605750.44",
      "goal_available": true,
      "goal_probs": [
        [
          0.00026992993662133813,
          0.9997300505638123
        ]
      ],
      "portfolio_probs": [
        [
          0.03162144869565964,
          0.04106263071298599,
          0.11770449578762054,
          0.09615015238523483,
          0.048091862350702286,
          0.06927966326475143,
          0.07460011541843414,
          0.09332826733589172,
          0.046463657170534134,
          0.03712966665625572,
          0.038789719343185425,
          0.043698690831661224,
          0.06971070170402527,
          0.10138509422540665,
          0.09098387509584427
        ]
      ],
      "value_estimate": 51.4381217956543,
      "action_taken": [
        1,
        2
      ],
      "reward": 14.0,
      "goal_taken": "True"
    },
    {
      "step": 5,
      "time": 5,
      "wealth": "631685.2",
      "goal_available": false,
      "goal_probs": [
        [
          0.00022113474551588297,
          0.9997789263725281
        ]
      ],
      "portfolio_probs": [
        [
          0.0309815164655447,
          0.04080987349152565,
          0.11803688853979111,
          0.09561246633529663,
          0.04776595160365105,
          0.06949509680271149,
          0.07677748054265976,
          0.0928301140666008,
          0.04632679745554924,
          0.03687458857893944,
          0.037806134670972824,
          0.04301201552152634,
          0.06829802691936493,
          0.1035604402422905,
          0.09181255847215652
        ]
      ],
      "value_estimate": 38.006534576416016,
      "action_taken": [
        1,
        2
      ],
      "reward": 0.0,
      "goal_taken": false
    },
    {
      "step": 6,
      "time": 6,
      "wealth": "658745.6",
      "goal_available": false,
      "goal_probs": [
        [
          0.00018115293642040342,
          0.9998188614845276
        ]
      ],
      "portfolio_probs": [
        [
          0.03034815937280655,
          0.04055018350481987,
          0.11834536492824554,
          0.09505778551101685,
          0.04743226245045662,
          0.06969697028398514,
          0.07900262624025345,
          0.09231516718864441,
          0.046180881559848785,
          0.03661366552114487,
          0.03683951124548912,
          0.04232712835073471,
          0.0668998435139656,
          0.10576067119836807,
          0.0926298052072525
        ]
      ],
      "value_estimate": 38.32466506958008,
      "action_taken": [
        1,
        2
      ],
      "reward": 0.0,
      "goal_taken": false
    },
    {
      "step": 7,
      "time": 7,
      "wealth": "765834.8",
      "goal_available": false,
      "goal_probs": [
        [
          0.0001480750652262941,
          0.9998519420623779
        ]
      ],
      "portfolio_probs": [
        [
          0.029717588797211647,
          0.040280964225530624,
          0.1186138167977333,
          0.09446961432695389,
          0.04708246514201164,
          0.06990353018045425,
          0.0813242569565773,
          0.09176571667194366,
          0.046036966145038605,
          0.03634799271821976,
          0.03586817905306816,
          0.04163111746311188,
          0.06550104171037674,
          0.10800037533044815,
          0.09345639497041702
        ]
      ],
      "value_estimate": 38.726829528808594,
      "action_taken": [
        1,
        2
      ],
      "reward": 0.0,
      "goal_taken": false
    },
    {
      "step": 8,
      "time": 8,
      "wealth": "848051.9",
      "goal_available": true,
      "goal_probs": [
        [
          0.0001211185590364039,
          0.9998788833618164
        ]
      ],
      "portfolio_probs": [
        [
          0.02909502387046814,
          0.04000572860240936,
          0.11886213719844818,
          0.09387000650167465,
          0.046727780252695084,
          0.07008969783782959,
          0.08368033170700073,
          0.0912054106593132,
          0.045880112797021866,
          0.0360761359333992,
          0.03492153435945511,
          0.040941767394542694,
          0.06412234157323837,
          0.1102588027715683,
          0.09426318854093552
        ]
      ],
      "value_estimate": 39.128570556640625,
      "action_taken": [
        1,
        2
      ],
      "reward": 18.0,
      "goal_taken": "True"
    },
    {
      "step": 9,