{
  "iteration": 0,
  "metrics": {
    "iteration": 1,
    "total_timesteps": 76800,
    "total_episodes": 4800,
    "mean_episode_reward": 50.14,
    "mean_episode_length": 16.0,
    "policy_lr": 0.009000000000000001,
    "value_lr": 0.009000000000000001,
    "policy_loss": -0.13556850431486964,
    "value_loss": 378.39778998057045,
    "mean_advantage": 1.4305114426349519e-08,
    "mean_return": 30.90861701965332
  },
  "config": {
    "n_traj": 50000,
    "batch_size": 4800,
    "learning_rate": 0.01,
    "clip_epsilon": 0.5,
    "n_neurons": 64,
    "ppo_epochs": 4,
    "mini_batch_size": 256,
    "gamma": 0.99,
    "gae_lambda": 0.95,
    "entropy_coeff": 0.01,
    "value_loss_coeff": 0.5,
    "max_grad_norm": 0.5,
    "time_horizon": 16,
    "num_goals": 8,
    "num_portfolios": 15,
    "initial_wealth_base": 12.0,
    "wealth_scaling": 0.85,
    "device": "cpu",
    "random_seed": 42,
    "log_interval": 10,
    "save_interval": 50,
    "eval_interval": 20,
    "initial_wealth": 702761.1340539003
  },
  "training_history": [
    {
      "iteration": 1,
      "total_timesteps": 76800,
      "total_episodes": 4800,
      "mean_episode_reward": 50.14,
      "mean_episode_length": 16.0,
      "policy_lr": 0.009000000000000001,
      "value_lr": 0.009000000000000001,
      "policy_loss": -0.13556850431486964,
      "value_loss": 378.39778998057045,
      "mean_advantage": 1.4305114426349519e-08,
      "mean_return": 30.90861701965332
    }
  ]
}