{
  "sentiment_enabled": true,
  "vix_sentiment_stats": {
    "mean": -0.006908994168043137,
    "std": 0.08008429408073425,
    "min": -0.06599998474121094,
    "max": 0.11366666108369827,
    "percentile_25": -0.06599998474121094,
    "percentile_75": 0.11366666108369827
  },
  "vix_momentum_stats": {
    "mean": -0.09224622696638107,
    "std": 0.1695728302001953,
    "min": -0.3830409646034241,
    "max": 0.06793798506259918
  },
  "sentiment_reward_correlation": {
    "mean": 0.08550530169831032,
    "std": 1.3877787807814457e-17,
    "positive_correlations": 1.0
  }
}