{
  "agent_config": {
    "policy_type": "standard",
    "value_type": "standard",
    "encoder_type": "feature",
    "sentiment_enabled": true,
    "state_dim": 4,
    "num_portfolios": 15
  },
  "training_config": {
    "n_traj": 50000,
    "batch_size": 4800,
    "learning_rate": 0.01,
    "clip_epsilon": 0.5,
    "n_neurons": 64,
    "ppo_epochs": 4,
    "mini_batch_size": 256,
    "gamma": 0.99,
    "gae_lambda": 0.95,
    "entropy_coeff": 0.01,
    "value_loss_coeff": 0.5,
    "max_grad_norm": 0.5,
    "time_horizon": 16,
    "device": "cpu"
  },
  "sentiment_analysis": {
    "sentiment_enabled": true,
    "vix_sentiment_stats": {
      "mean": -0.0026249901857227087,
      "std": 0.08660868555307388,
      "min": -0.06599998474121094,
      "max": 0.13066667318344116,
      "percentile_25": -0.06599998474121094,
      "percentile_75": 0.13066667318344116
    },
    "vix_momentum_stats": {
      "mean": -0.06306472420692444,
      "std": 0.11962834000587463,
      "min": -0.26724132895469666,
      "max": 0.06793798506259918
    },
    "sentiment_reward_correlation": {
      "mean": 0.036212524342416445,
      "std": 0.2247131238311333,
      "positive_correlations": 0.57
    }
  }
}