{
  "experiment_info": {
    "timestamp": "2025-12-03T22:55:31.809144",
    "num_goals": 4,
    "timesteps": 500000,
    "batch_size": 4800,
    "learning_rate": 0.01,
    "eval_episodes": 100
  },
  "training_summary": {
    "baseline": {
      "final_reward": 53.78,
      "final_goal_success": 0.9966666666666666,
      "total_iterations": 6
    },
    "sentiment": {
      "final_reward": 54.0,
      "final_goal_success": 1.0,
      "total_iterations": 6
    }
  },
  "evaluation_results": {
    "baseline": {
      "mean_episode_reward": 54.0,
      "std_episode_reward": 0.0,
      "mean_goal_success_rate": 1.0,
      "std_goal_success_rate": 0.0,
      "mean_episode_length": 16.0,
      "portfolio_entropy": -0.0,
      "most_selected_portfolio": 13,
      "episode_rewards": [
        54.0,
        54.0,
        54.0,
        54.0,
        54.0,
        54.0,
        54.0,
        54.0,
        54.0,
        54.0,
        54.0,
        54.0,
        54.0,
        54.0,
        54.0,
        54.0,
        54.0,
        54.0,
        54.0,
        54.0,
        54.0,
        54.0,
        54.0,
        54.0,
        54.0,
        54.0,
        54.0,
        54.0,
        54.0,
        54.0,
        54.0,
        54.0,
        54.0,
        54.0,
        54.0,
        54.0,
        54.0,
        54.0,
        54.0,
        54.0,
        54.0,
        54.0,
        54.0,
        54.0,
        54.0,
        54.0,
        54.0,
        54.0,
        54.0,
        54.0,
        54.0,
        54.0,
        54.0,
        54.0,
        54.0,
        54.0,
        54.0,
        54.0,
        54.0,
        54.0,
        54.0,
        54.0,
        54.0,
        54.0,
        54.0,
        54.0,
        54.0,
        54.0,
        54.0,
        54.0,
        54.0,
        54.0,
        54.0,
        54.0,
        54.0,
        54.0,
        54.0,
        54.0,
        54.0,
        54.0,
        54.0,
        54.0,
        54.0,
        54.0,
        54.0,
        54.0,
        54.0,
        54.0,
        54.0,
        54.0,
        54.0,
        54.0,
        54.0,
        54.0,
        54.0,
        54.0,
        54.0,
        54.0,
        54.0,
        54.0
      ],
      "goal_success_rates": [
        1.0,
        1.0,
        1.0,
        1.0,
        1.0,
        1.0,
        1.0,
        1.0,
        1.0,
        1.0,
        1.0,
        1.0,
        1.0,
        1.0,
        1.0,
        1.0,
        1.0,
        1.0,
        1.0,
        1.0,
        1.0,
        1.0,
        1.0,
        1.0,
        1.0,
        1.0,
        1.0,
        1.0,
        1.0,
        1.0,
        1.0,
        1.0,
        1.0,
        1.0,
        1.0,
        1.0,
        1.0,
        1.0,
        1.0,
        1.0,
        1.0,
        1.0,
        1.0,
        1.0,
        1.0,
        1.0,
        1.0,
        1.0,
        1.0,
        1.0,
        1.0,
        1.0,
        1.0,
        1.0,
        1.0,
        1.0,
        1.0,
        1.0,
        1.0,
        1.0,
        1.0,
        1.0,
        1.0,
        1.0,
        1.0,
        1.0,
        1.0,
        1.0,
        1.0,
        1.0,
        1.0,
        1.0,
        1.0,
        1.0,
        1.0,
        1.0,
        1.0,
        1.0,
        1.0,
        1.0,
        1.0,
        1.0,
        1.0,
        1.0,
        1.0,
        1.0,
        1.0,
        1.0,
        1.0,
        1.0,
        1.0,
        1.0,
        1.0,
        1.0,
        1.0,
        1.0,
        1.0,
        1.0,
        1.0,
        1.0
      ]
    },
    "sentiment": {
      "mean_episode_reward": 54.0,
      "std_episode_reward": 0.0,
      "mean_goal_success_rate": 1.0,
      "std_goal_success_rate": 0.0,
      "mean_episode_length": 16.0,
      "portfolio_entropy": 0.37677016125643675,
      "most_selected_portfolio": 10,
      "episode_rewards": [
        54.0,
        54.0,
        54.0,
        54.0,
        54.0,
        54.0,
        54.0,
        54.0,
        54.0,
        54.0,
        54.0,
        54.0,
        54.0,
        54.0,
        54.0,
        54.0,
        54.0,
        54.0,
        54.0,
        54.0,
        54.0,
        54.0,
        54.0,
        54.0,
        54.0,
        54.0,
        54.0,
        54.0,
        54.0,
        54.0,
        54.0,
        54.0,
        54.0,
        54.0,
        54.0,
        54.0,
        54.0,
        54.0,
        54.0,
        54.0,
        54.0,
        54.0,
        54.0,
        54.0,
        54.0,
        54.0,
        54.0,
        54.0,
        54.0,
        54.0,
        54.0,
        54.0,
        54.0,
        54.0,
        54.0,
        54.0,
        54.0,
        54.0,
        54.0,
        54.0,
        54.0,
        54.0,
        54.0,
        54.0,
        54.0,
        54.0,
        54.0,
        54.0,
        54.0,
        54.0,
        54.0,
        54.0,
        54.0,
        54.0,
        54.0,
        54.0,
        54.0,
        54.0,
        54.0,
        54.0,
        54.0,
        54.0,
        54.0,
        54.0,
        54.0,
        54.0,
        54.0,
        54.0,
        54.0,
        54.0,
        54.0,
        54.0,
        54.0,
        54.0,
        54.0,
        54.0,
        54.0,
        54.0,
        54.0,
        54.0
      ],
      "goal_success_rates": [
        1.0,
        1.0,
        1.0,
        1.0,
        1.0,
        1.0,
        1.0,
        1.0,
        1.0,
        1.0,
        1.0,
        1.0,
        1.0,
        1.0,
        1.0,
        1.0,
        1.0,
        1.0,
        1.0,
        1.0,
        1.0,
        1.0,
        1.0,
        1.0,
        1.0,
        1.0,
        1.0,
        1.0,
        1.0,
        1.0,
        1.0,
        1.0,
        1.0,
        1.0,
        1.0,
        1.0,
        1.0,
        1.0,
        1.0,
        1.0,
        1.0,
        1.0,
        1.0,
        1.0,
        1.0,
        1.0,
        1.0,
        1.0,
        1.0,
        1.0,
        1.0,
        1.0,
        1.0,
        1.0,
        1.0,
        1.0,
        1.0,
        1.0,
        1.0,
        1.0,
        1.0,
        1.0,
        1.0,
        1.0,
        1.0,
        1.0,
        1.0,
        1.0,
        1.0,
        1.0,
        1.0,
        1.0,
        1.0,
        1.0,
        1.0,
        1.0,
        1.0,
        1.0,
        1.0,
        1.0,
        1.0,
        1.0,
        1.0,
        1.0,
        1.0,
        1.0,
        1.0,
        1.0,
        1.0,
        1.0,
        1.0,
        1.0,
        1.0,
        1.0,
        1.0,
        1.0,
        1.0,
        1.0,
        1.0,
        1.0
      ]
    }
  },
  "performance_comparison": {
    "reward_improvement_percent": 0.0,
    "goal_success_improvement_percent": 0.0,
    "portfolio_entropy_ratio": -Infinity,
    "reward_significance": "Not significant (p = nan)"
  },
  "key_insights": {
    "sentiment_outperforms_reward": 